mutation_id,count
mut1,100
mut_pA_12_C,260
mut_pA_12_T,510
mut_pA_12_L,760
mut_pA_12_I,1010
mut_pA_12_F,1260
mut_pA_12_Y,1510
mut_pA_12_W,1760
mut_pA_12_M,2010
mut_pA_12_S,2260
mut_pA_12_P,2510
mut_pA_12_G,2760
mut_pA_12_H,3010
mut_pA_12_Q,3260
mut_pA_12_N,3510
mut_pA_12_K,3760
mut_pA_12_D,4010
mut_pA_12_E,4260
mut_pA_12_R,4510
mut2,10000
mut_pA_14_A,5010
mut_pA_14_V,5260
mut_pA_14_L,5510
mut_pA_14_I,5760
mut_pA_14_F,6010
mut_pA_14_Y,6260
mut_pA_14_W,6510
mut_pA_14_M,6760
mut_pA_14_S,7010
mut_pA_14_T,7260
mut_pA_14_P,7510
mut_pA_14_H,7760
mut_pA_14_Q,8010
mut_pA_14_N,8260
mut_pA_14_K,8510
mut_pA_14_D,8760
mut_pA_14_E,9010
mut_pA_14_R,9260
mut3,500
mut_pB_15_A,9760
mut_pB_15_V,10010
mut_pB_15_G,10260
mut_pB_15_L,10510
mut_pB_15_I,10760
mut_pB_15_F,11010
mut_pB_15_Y,11260
mut_pB_15_W,11510
mut_pB_15_M,11760
mut_pB_15_S,12010
mut_pB_15_P,12260
mut_pB_15_H,12510
mut_pB_15_Q,12760
mut_pB_15_N,13010
mut_pB_15_K,13260
mut_pB_15_D,13510
mut_pB_15_E,13760
mut_pB_15_R,10
